sampleName	metadata1	index
this1	morethanHelloWorld400	0
this2	morethanHelloWorld401	1
this3	morethanHelloWorld402	2
this4	morethanHelloWorld403	3
this5	morethanHelloWorld404	4
this6	morethanHelloWorld405	5
this7	morethanHelloWorld406	6
this8	morethanHelloWorld407	7
this9	morethanHelloWorld408	8
this10	morethanHelloWorld409	9
this11	morethanHelloWorld410	10
this12	morethanHelloWorld411	11
this13	morethanHelloWorld412	12
this14	morethanHelloWorld413	13
this15	morethanHelloWorld414	14
this16	morethanHelloWorld415	15
this17	morethanHelloWorld416	16
this18	morethanHelloWorld417	17
this19	morethanHelloWorld418	18
this20	morethanHelloWorld419	19
this21	morethanHelloWorld420	20
this22	morethanHelloWorld421	21
this23	morethanHelloWorld422	22
this24	morethanHelloWorld423	23
this25	morethanHelloWorld424	24
this26	morethanHelloWorld425	25
this27	morethanHelloWorld426	26
this28	morethanHelloWorld427	27
this29	morethanHelloWorld428	28
this30	morethanHelloWorld429	29
this31	morethanHelloWorld430	30
this32	morethanHelloWorld431	31
this33	morethanHelloWorld432	32
this34	morethanHelloWorld433	33
this35	morethanHelloWorld434	34
this36	morethanHelloWorld435	35
this37	morethanHelloWorld436	36
this38	morethanHelloWorld437	37
this39	morethanHelloWorld438	38
this40	morethanHelloWorld439	39
this41	morethanHelloWorld440	40
this42	morethanHelloWorld441	41
this43	morethanHelloWorld442	42
this44	morethanHelloWorld443	43
this45	morethanHelloWorld444	44
this46	morethanHelloWorld445	45
this47	morethanHelloWorld446	46
this48	morethanHelloWorld447	47
this49	morethanHelloWorld448	48
this50	morethanHelloWorld449	49
this51	morethanHelloWorld450	50
this52	morethanHelloWorld451	51
this53	morethanHelloWorld452	52
this54	morethanHelloWorld453	53
this55	morethanHelloWorld454	54
this56	morethanHelloWorld455	55
this57	morethanHelloWorld456	56
this58	morethanHelloWorld457	57
this59	morethanHelloWorld458	58
this60	morethanHelloWorld459	59
this61	morethanHelloWorld460	60
this62	morethanHelloWorld461	61
this63	morethanHelloWorld462	62
this64	morethanHelloWorld463	63
this65	morethanHelloWorld464	64
this66	morethanHelloWorld465	65
this67	morethanHelloWorld466	66
this68	morethanHelloWorld467	67
this69	morethanHelloWorld468	68
this70	morethanHelloWorld469	69
this71	morethanHelloWorld470	70
this72	morethanHelloWorld471	71
this73	morethanHelloWorld472	72
this74	morethanHelloWorld473	73
this75	morethanHelloWorld474	74
this76	morethanHelloWorld475	75
this77	morethanHelloWorld476	76
this78	morethanHelloWorld477	77
this79	morethanHelloWorld478	78
this80	morethanHelloWorld479	79
this81	morethanHelloWorld480	80
this82	morethanHelloWorld481	81
this83	morethanHelloWorld482	82
this84	morethanHelloWorld483	83
this85	morethanHelloWorld484	84
this86	morethanHelloWorld485	85
this87	morethanHelloWorld486	86
this88	morethanHelloWorld487	87
this89	morethanHelloWorld488	88
this90	morethanHelloWorld489	89
this91	morethanHelloWorld490	90
this92	morethanHelloWorld491	91
this93	morethanHelloWorld492	92
this94	morethanHelloWorld493	93
this95	morethanHelloWorld494	94
this96	morethanHelloWorld495	95
this97	morethanHelloWorld496	96
this98	morethanHelloWorld497	97
this99	morethanHelloWorld498	98
this100	morethanHelloWorld499	99
this101	morethanHelloWorld500	100
this102	morethanHelloWorld501	101
this103	morethanHelloWorld502	102
this104	morethanHelloWorld503	103
this105	morethanHelloWorld504	104
this106	morethanHelloWorld505	105
this107	morethanHelloWorld506	106
this108	morethanHelloWorld507	107
this109	morethanHelloWorld508	108
this110	morethanHelloWorld509	109
this111	morethanHelloWorld510	110
this112	morethanHelloWorld511	111
this113	morethanHelloWorld512	112
this114	morethanHelloWorld513	113
this115	morethanHelloWorld514	114
this116	morethanHelloWorld515	115
this117	morethanHelloWorld516	116
this118	morethanHelloWorld517	117
this119	morethanHelloWorld518	118
this120	morethanHelloWorld519	119
this121	morethanHelloWorld520	120
this122	morethanHelloWorld521	121
this123	morethanHelloWorld522	122
this124	morethanHelloWorld523	123
this125	morethanHelloWorld524	124
this126	morethanHelloWorld525	125
this127	morethanHelloWorld526	126
this128	morethanHelloWorld527	127
this129	morethanHelloWorld528	128
this130	morethanHelloWorld529	129
this131	morethanHelloWorld530	130
this132	morethanHelloWorld531	131
this133	morethanHelloWorld532	132
this134	morethanHelloWorld533	133
this135	morethanHelloWorld534	134
this136	morethanHelloWorld535	135
this137	morethanHelloWorld536	136
this138	morethanHelloWorld537	137
this139	morethanHelloWorld538	138
this140	morethanHelloWorld539	139
this141	morethanHelloWorld540	140
this142	morethanHelloWorld541	141
this143	morethanHelloWorld542	142
this144	morethanHelloWorld543	143
this145	morethanHelloWorld544	144
this146	morethanHelloWorld545	145
this147	morethanHelloWorld546	146
this148	morethanHelloWorld547	147
this149	morethanHelloWorld548	148
this150	morethanHelloWorld549	149
this151	morethanHelloWorld550	150
this152	morethanHelloWorld551	151
this153	morethanHelloWorld552	152
this154	morethanHelloWorld553	153
this155	morethanHelloWorld554	154
this156	morethanHelloWorld555	155
this157	morethanHelloWorld556	156
this158	morethanHelloWorld557	157
this159	morethanHelloWorld558	158
this160	morethanHelloWorld559	159
this161	morethanHelloWorld560	160
this162	morethanHelloWorld561	161
this163	morethanHelloWorld562	162
this164	morethanHelloWorld563	163
this165	morethanHelloWorld564	164
this166	morethanHelloWorld565	165
this167	morethanHelloWorld566	166
this168	morethanHelloWorld567	167
this169	morethanHelloWorld568	168
this170	morethanHelloWorld569	169
this171	morethanHelloWorld570	170
this172	morethanHelloWorld571	171
this173	morethanHelloWorld572	172
this174	morethanHelloWorld573	173
this175	morethanHelloWorld574	174
this176	morethanHelloWorld575	175
this177	morethanHelloWorld576	176
this178	morethanHelloWorld577	177
this179	morethanHelloWorld578	178
this180	morethanHelloWorld579	179
this181	morethanHelloWorld580	180
this182	morethanHelloWorld581	181
this183	morethanHelloWorld582	182
this184	morethanHelloWorld583	183
this185	morethanHelloWorld584	184
this186	morethanHelloWorld585	185
this187	morethanHelloWorld586	186
this188	morethanHelloWorld587	187
this189	morethanHelloWorld588	188
this190	morethanHelloWorld589	189
this191	morethanHelloWorld590	190
this192	morethanHelloWorld591	191
this193	morethanHelloWorld592	192
this194	morethanHelloWorld593	193
this195	morethanHelloWorld594	194
this196	morethanHelloWorld595	195
this197	morethanHelloWorld596	196
this198	morethanHelloWorld597	197
this199	morethanHelloWorld598	198
this200	morethanHelloWorld599	199
this201	morethanHelloWorld600	200
this202	morethanHelloWorld601	201
this203	morethanHelloWorld602	202
this204	morethanHelloWorld603	203
this205	morethanHelloWorld604	204
this206	morethanHelloWorld605	205
this207	morethanHelloWorld606	206
this208	morethanHelloWorld607	207
this209	morethanHelloWorld608	208
this210	morethanHelloWorld609	209
this211	morethanHelloWorld610	210
this212	morethanHelloWorld611	211
this213	morethanHelloWorld612	212
this214	morethanHelloWorld613	213
this215	morethanHelloWorld614	214
this216	morethanHelloWorld615	215
this217	morethanHelloWorld616	216
this218	morethanHelloWorld617	217
this219	morethanHelloWorld618	218
this220	morethanHelloWorld619	219
this221	morethanHelloWorld620	220
this222	morethanHelloWorld621	221
this223	morethanHelloWorld622	222
this224	morethanHelloWorld623	223
this225	morethanHelloWorld624	224
this226	morethanHelloWorld625	225
this227	morethanHelloWorld626	226
this228	morethanHelloWorld627	227
this229	morethanHelloWorld628	228
this230	morethanHelloWorld629	229
this231	morethanHelloWorld630	230
this232	morethanHelloWorld631	231
this233	morethanHelloWorld632	232
this234	morethanHelloWorld633	233
this235	morethanHelloWorld634	234
this236	morethanHelloWorld635	235
this237	morethanHelloWorld636	236
this238	morethanHelloWorld637	237
this239	morethanHelloWorld638	238
this240	morethanHelloWorld639	239
this241	morethanHelloWorld640	240
this242	morethanHelloWorld641	241
this243	morethanHelloWorld642	242
this244	morethanHelloWorld643	243
this245	morethanHelloWorld644	244
this246	morethanHelloWorld645	245
this247	morethanHelloWorld646	246
this248	morethanHelloWorld647	247
this249	morethanHelloWorld648	248
this250	morethanHelloWorld649	249
this251	morethanHelloWorld650	250
this252	morethanHelloWorld651	251
this253	morethanHelloWorld652	252
this254	morethanHelloWorld653	253
this255	morethanHelloWorld654	254
this256	morethanHelloWorld655	255
this257	morethanHelloWorld656	256
this258	morethanHelloWorld657	257
this259	morethanHelloWorld658	258
this260	morethanHelloWorld659	259
this261	morethanHelloWorld660	260
this262	morethanHelloWorld661	261
this263	morethanHelloWorld662	262
this264	morethanHelloWorld663	263
this265	morethanHelloWorld664	264
this266	morethanHelloWorld665	265
this267	morethanHelloWorld666	266
this268	morethanHelloWorld667	267
this269	morethanHelloWorld668	268
this270	morethanHelloWorld669	269
this271	morethanHelloWorld670	270
this272	morethanHelloWorld671	271
this273	morethanHelloWorld672	272
this274	morethanHelloWorld673	273
this275	morethanHelloWorld674	274
this276	morethanHelloWorld675	275
this277	morethanHelloWorld676	276
this278	morethanHelloWorld677	277
this279	morethanHelloWorld678	278
this280	morethanHelloWorld679	279
this281	morethanHelloWorld680	280
this282	morethanHelloWorld681	281
this283	morethanHelloWorld682	282
this284	morethanHelloWorld683	283
this285	morethanHelloWorld684	284
this286	morethanHelloWorld685	285
this287	morethanHelloWorld686	286
this288	morethanHelloWorld687	287
this289	morethanHelloWorld688	288
this290	morethanHelloWorld689	289
this291	morethanHelloWorld690	290
this292	morethanHelloWorld691	291
this293	morethanHelloWorld692	292
this294	morethanHelloWorld693	293
this295	morethanHelloWorld694	294
this296	morethanHelloWorld695	295
this297	morethanHelloWorld696	296
this298	morethanHelloWorld697	297
this299	morethanHelloWorld698	298
this300	morethanHelloWorld699	299
this301	morethanHelloWorld700	300
this302	morethanHelloWorld701	301
this303	morethanHelloWorld702	302
this304	morethanHelloWorld703	303
this305	morethanHelloWorld704	304
this306	morethanHelloWorld705	305
this307	morethanHelloWorld706	306
this308	morethanHelloWorld707	307
this309	morethanHelloWorld708	308
this310	morethanHelloWorld709	309
this311	morethanHelloWorld710	310
this312	morethanHelloWorld711	311
this313	morethanHelloWorld712	312
this314	morethanHelloWorld713	313
this315	morethanHelloWorld714	314
this316	morethanHelloWorld715	315
this317	morethanHelloWorld716	316
this318	morethanHelloWorld717	317
this319	morethanHelloWorld718	318
this320	morethanHelloWorld719	319
this321	morethanHelloWorld720	320
this322	morethanHelloWorld721	321
this323	morethanHelloWorld722	322
this324	morethanHelloWorld723	323
this325	morethanHelloWorld724	324
this326	morethanHelloWorld725	325
this327	morethanHelloWorld726	326
this328	morethanHelloWorld727	327
this329	morethanHelloWorld728	328
this330	morethanHelloWorld729	329
this331	morethanHelloWorld730	330
this332	morethanHelloWorld731	331
this333	morethanHelloWorld732	332
this334	morethanHelloWorld733	333
this335	morethanHelloWorld734	334
this336	morethanHelloWorld735	335
this337	morethanHelloWorld736	336
this338	morethanHelloWorld737	337
this339	morethanHelloWorld738	338
this340	morethanHelloWorld739	339
this341	morethanHelloWorld740	340
this342	morethanHelloWorld741	341
this343	morethanHelloWorld742	342
this344	morethanHelloWorld743	343
this345	morethanHelloWorld744	344
this346	morethanHelloWorld745	345
this347	morethanHelloWorld746	346
this348	morethanHelloWorld747	347
this349	morethanHelloWorld748	348
this350	morethanHelloWorld749	349
this351	morethanHelloWorld750	350
this352	morethanHelloWorld751	351
this353	morethanHelloWorld752	352
this354	morethanHelloWorld753	353
this355	morethanHelloWorld754	354
this356	morethanHelloWorld755	355
this357	morethanHelloWorld756	356
this358	morethanHelloWorld757	357
this359	morethanHelloWorld758	358
this360	morethanHelloWorld759	359
this361	morethanHelloWorld760	360
this362	morethanHelloWorld761	361
this363	morethanHelloWorld762	362
this364	morethanHelloWorld763	363
this365	morethanHelloWorld764	364
this366	morethanHelloWorld765	365
this367	morethanHelloWorld766	366
this368	morethanHelloWorld767	367
this369	morethanHelloWorld768	368
this370	morethanHelloWorld769	369
this371	morethanHelloWorld770	370
this372	morethanHelloWorld771	371
this373	morethanHelloWorld772	372
this374	morethanHelloWorld773	373
this375	morethanHelloWorld774	374
this376	morethanHelloWorld775	375
this377	morethanHelloWorld776	376
this378	morethanHelloWorld777	377
this379	morethanHelloWorld778	378
this380	morethanHelloWorld779	379
this381	morethanHelloWorld780	380
this382	morethanHelloWorld781	381
this383	morethanHelloWorld782	382
this384	morethanHelloWorld783	383
this385	morethanHelloWorld784	384
this386	morethanHelloWorld785	385
this387	morethanHelloWorld786	386
this388	morethanHelloWorld787	387
this389	morethanHelloWorld788	388
this390	morethanHelloWorld789	389
this391	morethanHelloWorld790	390
this392	morethanHelloWorld791	391
this393	morethanHelloWorld792	392
this394	morethanHelloWorld793	393
this395	morethanHelloWorld794	394
this396	morethanHelloWorld795	395
this397	morethanHelloWorld796	396
this398	morethanHelloWorld797	397
this399	morethanHelloWorld798	398
this400	morethanHelloWorld799	399